﻿{"frames": [

{
	"filename": "Symbol 29 instance 10000",
	"frame": {"x":0,"y":0,"w":88,"h":88},
	"rotated": false,
	"trimmed": false,
	"spriteSourceSize": {"x":0,"y":0,"w":88,"h":88},
	"sourceSize": {"w":88,"h":88}
}
,{
	"filename": "Symbol 29 instance 10001",
	"frame": {"x":88,"y":0,"w":88,"h":88},
	"rotated": false,
	"trimmed": false,
	"spriteSourceSize": {"x":0,"y":0,"w":88,"h":88},
	"sourceSize": {"w":88,"h":88}
}
,{
	"filename": "Symbol 29 instance 10002",
	"frame": {"x":176,"y":0,"w":88,"h":88},
	"rotated": false,
	"trimmed": false,
	"spriteSourceSize": {"x":0,"y":0,"w":88,"h":88},
	"sourceSize": {"w":88,"h":88}
}
,{
	"filename": "Symbol 29 instance 10003",
	"frame": {"x":264,"y":0,"w":88,"h":88},
	"rotated": false,
	"trimmed": false,
	"spriteSourceSize": {"x":0,"y":0,"w":88,"h":88},
	"sourceSize": {"w":88,"h":88}
}],
"meta": {
	"app": "Adobe Animate",
	"version": "22.0.0.93",
	"image": "all_4.png",
	"format": "RGBA8888",
	"size": {"w":354,"h":88},
	"scale": "1"
}
}
