﻿{"frames": [

{
	"filename": "Symbol 3 instance 10000",
	"frame": {"x":0,"y":0,"w":48,"h":48},
	"rotated": false,
	"trimmed": false,
	"spriteSourceSize": {"x":0,"y":0,"w":48,"h":48},
	"sourceSize": {"w":48,"h":48}
}
,{
	"filename": "Symbol 3 instance 10001",
	"frame": {"x":48,"y":0,"w":48,"h":48},
	"rotated": false,
	"trimmed": false,
	"spriteSourceSize": {"x":0,"y":0,"w":48,"h":48},
	"sourceSize": {"w":48,"h":48}
}
,{
	"filename": "Symbol 3 instance 10002",
	"frame": {"x":96,"y":0,"w":48,"h":48},
	"rotated": false,
	"trimmed": false,
	"spriteSourceSize": {"x":0,"y":0,"w":48,"h":48},
	"sourceSize": {"w":48,"h":48}
}
,{
	"filename": "Symbol 3 instance 10003",
	"frame": {"x":144,"y":0,"w":48,"h":48},
	"rotated": false,
	"trimmed": false,
	"spriteSourceSize": {"x":0,"y":0,"w":48,"h":48},
	"sourceSize": {"w":48,"h":48}
}],
"meta": {
	"app": "Adobe Animate",
	"version": "22.0.0.93",
	"image": "all shape.png",
	"format": "RGBA8888",
	"size": {"w":197,"h":48},
	"scale": "1"
}
}
