﻿{"frames": [

{
	"filename": "Symbol 9 instance 10000",
	"frame": {"x":0,"y":0,"w":240,"h":236},
	"rotated": false,
	"trimmed": false,
	"spriteSourceSize": {"x":0,"y":0,"w":240,"h":236},
	"sourceSize": {"w":240,"h":236}
}
,{
	"filename": "Symbol 9 instance 10001",
	"frame": {"x":240,"y":0,"w":240,"h":236},
	"rotated": false,
	"trimmed": false,
	"spriteSourceSize": {"x":0,"y":0,"w":240,"h":236},
	"sourceSize": {"w":240,"h":236}
}],
"meta": {
	"app": "Adobe Animate",
	"version": "22.0.0.93",
	"image": "image_2.1.png",
	"format": "RGBA8888",
	"size": {"w":480,"h":236},
	"scale": "1"
}
}
