﻿{"frames": [

{
	"filename": "Symbol 1 instance 10000",
	"frame": {"x":0,"y":0,"w":69,"h":70},
	"rotated": false,
	"trimmed": false,
	"spriteSourceSize": {"x":0,"y":0,"w":69,"h":70},
	"sourceSize": {"w":69,"h":70}
}
,{
	"filename": "Symbol 1 instance 10001",
	"frame": {"x":69,"y":0,"w":69,"h":70},
	"rotated": false,
	"trimmed": false,
	"spriteSourceSize": {"x":0,"y":0,"w":69,"h":70},
	"sourceSize": {"w":69,"h":70}
}],
"meta": {
	"app": "Adobe Animate",
	"version": "22.0.0.93",
	"image": "btn_1.png",
	"format": "RGBA8888",
	"size": {"w":140,"h":70},
	"scale": "1"
}
}
