﻿{"frames": [

{
	"filename": "<Group>_1_1 instance 10000",
	"frame": {"x":0,"y":0,"w":187,"h":81},
	"rotated": false,
	"trimmed": false,
	"spriteSourceSize": {"x":0,"y":0,"w":187,"h":81},
	"sourceSize": {"w":187,"h":81}
}
,{
	"filename": "<Group>_1_1 instance 10001",
	"frame": {"x":187,"y":0,"w":187,"h":81},
	"rotated": false,
	"trimmed": false,
	"spriteSourceSize": {"x":0,"y":0,"w":187,"h":81},
	"sourceSize": {"w":187,"h":81}
}],
"meta": {
	"app": "Adobe Animate",
	"version": "22.0.0.93",
	"image": "text box_7.png",
	"format": "RGBA8888",
	"size": {"w":374,"h":81},
	"scale": "1"
}
}
