﻿{"frames": [

{
	"filename": "Symbol 11 instance 10000",
	"frame": {"x":0,"y":0,"w":130,"h":36},
	"rotated": false,
	"trimmed": false,
	"spriteSourceSize": {"x":0,"y":0,"w":130,"h":36},
	"sourceSize": {"w":130,"h":36}
}
,{
	"filename": "Symbol 11 instance 10001",
	"frame": {"x":0,"y":36,"w":130,"h":36},
	"rotated": false,
	"trimmed": false,
	"spriteSourceSize": {"x":0,"y":0,"w":130,"h":36},
	"sourceSize": {"w":130,"h":36}
}],
"meta": {
	"app": "Adobe Animate",
	"version": "22.0.0.93",
	"image": "pink bigg_2.png",
	"format": "RGBA8888",
	"size": {"w":135,"h":73},
	"scale": "1"
}
}
