﻿{"frames": [

{
	"filename": "Symbol 29 instance 10000",
	"frame": {"x":0,"y":0,"w":329,"h":118},
	"rotated": false,
	"trimmed": false,
	"spriteSourceSize": {"x":0,"y":0,"w":329,"h":118},
	"sourceSize": {"w":329,"h":118}
}
,{
	"filename": "Symbol 29 instance 10001",
	"frame": {"x":329,"y":0,"w":329,"h":118},
	"rotated": false,
	"trimmed": false,
	"spriteSourceSize": {"x":0,"y":0,"w":329,"h":118},
	"sourceSize": {"w":329,"h":118}
}],
"meta": {
	"app": "Adobe Animate",
	"version": "22.0.0.93",
	"image": "Shape_8.1.png",
	"format": "RGBA8888",
	"size": {"w":658,"h":118},
	"scale": "1"
}
}
