﻿{"frames": [

{
	"filename": "Symbol 2 instance 10000",
	"frame": {"x":0,"y":0,"w":34,"h":34},
	"rotated": false,
	"trimmed": false,
	"spriteSourceSize": {"x":0,"y":0,"w":34,"h":34},
	"sourceSize": {"w":34,"h":34}
}
,{
	"filename": "Symbol 2 instance 10001",
	"frame": {"x":34,"y":0,"w":34,"h":34},
	"rotated": false,
	"trimmed": false,
	"spriteSourceSize": {"x":0,"y":0,"w":34,"h":34},
	"sourceSize": {"w":34,"h":34}
}],
"meta": {
	"app": "Adobe Animate",
	"version": "22.0.0.93",
	"image": "blue box.png",
	"format": "RGBA8888",
	"size": {"w":71,"h":34},
	"scale": "1"
}
}
