﻿{"frames": [

{
	"filename": "Symbol 21 instance 10000",
	"frame": {"x":0,"y":0,"w":128,"h":129},
	"rotated": false,
	"trimmed": false,
	"spriteSourceSize": {"x":0,"y":0,"w":128,"h":129},
	"sourceSize": {"w":128,"h":129}
}
,{
	"filename": "Symbol 21 instance 10001",
	"frame": {"x":128,"y":0,"w":128,"h":129},
	"rotated": false,
	"trimmed": false,
	"spriteSourceSize": {"x":0,"y":0,"w":128,"h":129},
	"sourceSize": {"w":128,"h":129}
}],
"meta": {
	"app": "Adobe Animate",
	"version": "22.0.0.93",
	"image": "Shape_2.0.png",
	"format": "RGBA8888",
	"size": {"w":257,"h":130},
	"scale": "1"
}
}
