﻿{"frames": [

{
	"filename": "Symbol 20 instance 10000",
	"frame": {"x":0,"y":0,"w":165,"h":105},
	"rotated": false,
	"trimmed": false,
	"spriteSourceSize": {"x":0,"y":0,"w":165,"h":105},
	"sourceSize": {"w":165,"h":105}
}
,{
	"filename": "Symbol 20 instance 10001",
	"frame": {"x":165,"y":0,"w":165,"h":105},
	"rotated": false,
	"trimmed": false,
	"spriteSourceSize": {"x":0,"y":0,"w":165,"h":105},
	"sourceSize": {"w":165,"h":105}
}],
"meta": {
	"app": "Adobe Animate",
	"version": "22.0.0.93",
	"image": "Shape_3.0.png",
	"format": "RGBA8888",
	"size": {"w":331,"h":105},
	"scale": "1"
}
}
