﻿{"frames": [

{
	"filename": "Symbol 25 instance 10000",
	"frame": {"x":0,"y":0,"w":57,"h":199},
	"rotated": false,
	"trimmed": false,
	"spriteSourceSize": {"x":0,"y":0,"w":57,"h":199},
	"sourceSize": {"w":57,"h":199}
}
,{
	"filename": "Symbol 25 instance 10001",
	"frame": {"x":57,"y":0,"w":57,"h":199},
	"rotated": false,
	"trimmed": false,
	"spriteSourceSize": {"x":0,"y":0,"w":57,"h":199},
	"sourceSize": {"w":57,"h":199}
}],
"meta": {
	"app": "Adobe Animate",
	"version": "22.0.0.93",
	"image": "track_1.3.png",
	"format": "RGBA8888",
	"size": {"w":114,"h":199},
	"scale": "1"
}
}
