﻿{"frames": [

{
	"filename": "Symbol 21 instance 10000",
	"frame": {"x":0,"y":0,"w":155,"h":155},
	"rotated": false,
	"trimmed": false,
	"spriteSourceSize": {"x":0,"y":0,"w":155,"h":155},
	"sourceSize": {"w":155,"h":155}
}
,{
	"filename": "Symbol 21 instance 10001",
	"frame": {"x":155,"y":0,"w":155,"h":155},
	"rotated": false,
	"trimmed": false,
	"spriteSourceSize": {"x":0,"y":0,"w":155,"h":155},
	"sourceSize": {"w":155,"h":155}
}],
"meta": {
	"app": "Adobe Animate",
	"version": "22.0.0.93",
	"image": "Shape_2.2.png",
	"format": "RGBA8888",
	"size": {"w":310,"h":155},
	"scale": "1"
}
}
