﻿{"frames": [

{
	"filename": "Symbol 22 instance 10000",
	"frame": {"x":0,"y":0,"w":161,"h":140},
	"rotated": false,
	"trimmed": false,
	"spriteSourceSize": {"x":0,"y":0,"w":161,"h":140},
	"sourceSize": {"w":161,"h":140}
}
,{
	"filename": "Symbol 22 instance 10001",
	"frame": {"x":161,"y":0,"w":161,"h":140},
	"rotated": false,
	"trimmed": false,
	"spriteSourceSize": {"x":0,"y":0,"w":161,"h":140},
	"sourceSize": {"w":161,"h":140}
}],
"meta": {
	"app": "Adobe Animate",
	"version": "22.0.0.93",
	"image": "Shape_1.2.png",
	"format": "RGBA8888",
	"size": {"w":324,"h":140},
	"scale": "1"
}
}
