﻿{"frames": [

{
	"filename": "Symbol 8 instance 10000",
	"frame": {"x":0,"y":0,"w":166,"h":170},
	"rotated": false,
	"trimmed": false,
	"spriteSourceSize": {"x":0,"y":0,"w":166,"h":170},
	"sourceSize": {"w":166,"h":170}
}
,{
	"filename": "Symbol 8 instance 10001",
	"frame": {"x":166,"y":0,"w":166,"h":170},
	"rotated": false,
	"trimmed": false,
	"spriteSourceSize": {"x":0,"y":0,"w":166,"h":170},
	"sourceSize": {"w":166,"h":170}
}],
"meta": {
	"app": "Adobe Animate",
	"version": "22.0.0.93",
	"image": "Shape_5.1.png",
	"format": "RGBA8888",
	"size": {"w":332,"h":170},
	"scale": "1"
}
}
