﻿{"frames": [

{
	"filename": "Symbol 21 instance 10000",
	"frame": {"x":0,"y":0,"w":141,"h":141},
	"rotated": false,
	"trimmed": false,
	"spriteSourceSize": {"x":0,"y":0,"w":141,"h":141},
	"sourceSize": {"w":141,"h":141}
}
,{
	"filename": "Symbol 21 instance 10001",
	"frame": {"x":141,"y":0,"w":141,"h":141},
	"rotated": false,
	"trimmed": false,
	"spriteSourceSize": {"x":0,"y":0,"w":141,"h":141},
	"sourceSize": {"w":141,"h":141}
}],
"meta": {
	"app": "Adobe Animate",
	"version": "22.0.0.93",
	"image": "Shape_2.1.png",
	"format": "RGBA8888",
	"size": {"w":282,"h":142},
	"scale": "1"
}
}
