﻿{"frames": [

{
	"filename": "Symbol 28 instance 10000",
	"frame": {"x":0,"y":0,"w":212,"h":215},
	"rotated": false,
	"trimmed": false,
	"spriteSourceSize": {"x":0,"y":0,"w":212,"h":215},
	"sourceSize": {"w":212,"h":215}
}
,{
	"filename": "Symbol 28 instance 10001",
	"frame": {"x":212,"y":0,"w":212,"h":215},
	"rotated": false,
	"trimmed": false,
	"spriteSourceSize": {"x":0,"y":0,"w":212,"h":215},
	"sourceSize": {"w":212,"h":215}
}],
"meta": {
	"app": "Adobe Animate",
	"version": "22.0.0.93",
	"image": "panle_3.png",
	"format": "RGBA8888",
	"size": {"w":426,"h":216},
	"scale": "1"
}
}
