﻿{"frames": [

{
	"filename": "Symbol 11 instance 10000",
	"frame": {"x":0,"y":0,"w":36,"h":130},
	"rotated": false,
	"trimmed": false,
	"spriteSourceSize": {"x":0,"y":0,"w":36,"h":130},
	"sourceSize": {"w":36,"h":130}
}
,{
	"filename": "Symbol 11 instance 10001",
	"frame": {"x":36,"y":0,"w":36,"h":130},
	"rotated": false,
	"trimmed": false,
	"spriteSourceSize": {"x":0,"y":0,"w":36,"h":130},
	"sourceSize": {"w":36,"h":130}
}],
"meta": {
	"app": "Adobe Animate",
	"version": "22.0.0.93",
	"image": "pink bigg_1.png",
	"format": "RGBA8888",
	"size": {"w":80,"h":131},
	"scale": "1"
}
}
