﻿{"frames": [

{
	"filename": "Symbol 10 instance 10000",
	"frame": {"x":0,"y":0,"w":68,"h":68},
	"rotated": false,
	"trimmed": false,
	"spriteSourceSize": {"x":0,"y":0,"w":68,"h":68},
	"sourceSize": {"w":68,"h":68}
}
,{
	"filename": "Symbol 10 instance 10001",
	"frame": {"x":68,"y":0,"w":68,"h":68},
	"rotated": false,
	"trimmed": false,
	"spriteSourceSize": {"x":0,"y":0,"w":68,"h":68},
	"sourceSize": {"w":68,"h":68}
}],
"meta": {
	"app": "Adobe Animate",
	"version": "22.0.4.185",
	"image": "Right click.png",
	"format": "RGBA8888",
	"size": {"w":136,"h":68},
	"scale": "1"
}
}
