﻿{"frames": [

{
	"filename": "Symbol 13 instance 10000",
	"frame": {"x":0,"y":0,"w":34,"h":129},
	"rotated": false,
	"trimmed": false,
	"spriteSourceSize": {"x":0,"y":0,"w":34,"h":129},
	"sourceSize": {"w":34,"h":129}
}
,{
	"filename": "Symbol 13 instance 10001",
	"frame": {"x":34,"y":0,"w":34,"h":129},
	"rotated": false,
	"trimmed": false,
	"spriteSourceSize": {"x":0,"y":0,"w":34,"h":129},
	"sourceSize": {"w":34,"h":129}
}],
"meta": {
	"app": "Adobe Animate",
	"version": "22.0.0.93",
	"image": "green bigg_1.png",
	"format": "RGBA8888",
	"size": {"w":70,"h":134},
	"scale": "1"
}
}
