﻿{"frames": [

{
	"filename": "Symbol 19 instance 10000",
	"frame": {"x":0,"y":0,"w":88,"h":33},
	"rotated": false,
	"trimmed": false,
	"spriteSourceSize": {"x":0,"y":0,"w":88,"h":33},
	"sourceSize": {"w":88,"h":33}
}
,{
	"filename": "Symbol 19 instance 10001",
	"frame": {"x":88,"y":0,"w":88,"h":33},
	"rotated": false,
	"trimmed": false,
	"spriteSourceSize": {"x":0,"y":0,"w":88,"h":33},
	"sourceSize": {"w":88,"h":33}
}],
"meta": {
	"app": "Adobe Animate",
	"version": "22.0.0.93",
	"image": "pink_2.3.png",
	"format": "RGBA8888",
	"size": {"w":177,"h":35},
	"scale": "1"
}
}
