﻿{"frames": [

{
	"filename": "Symbol 5 instance 10000",
	"frame": {"x":0,"y":0,"w":325,"h":325},
	"rotated": false,
	"trimmed": false,
	"spriteSourceSize": {"x":0,"y":0,"w":325,"h":325},
	"sourceSize": {"w":325,"h":325}
}
,{
	"filename": "Symbol 5 instance 10001",
	"frame": {"x":325,"y":0,"w":325,"h":325},
	"rotated": false,
	"trimmed": false,
	"spriteSourceSize": {"x":0,"y":0,"w":325,"h":325},
	"sourceSize": {"w":325,"h":325}
}
,{
	"filename": "Symbol 5 instance 10002",
	"frame": {"x":650,"y":0,"w":325,"h":325},
	"rotated": false,
	"trimmed": false,
	"spriteSourceSize": {"x":0,"y":0,"w":325,"h":325},
	"sourceSize": {"w":325,"h":325}
}],
"meta": {
	"app": "Adobe Animate",
	"version": "22.0.0.93",
	"image": "green circle.png",
	"format": "RGBA8888",
	"size": {"w":978,"h":330},
	"scale": "1"
}
}
