﻿{"frames": [

{
	"filename": "Symbol 3 copy instance 10000",
	"frame": {"x":0,"y":0,"w":123,"h":133},
	"rotated": false,
	"trimmed": false,
	"spriteSourceSize": {"x":0,"y":0,"w":123,"h":133},
	"sourceSize": {"w":123,"h":133}
}
,{
	"filename": "Symbol 3 copy instance 10001",
	"frame": {"x":123,"y":0,"w":123,"h":133},
	"rotated": false,
	"trimmed": false,
	"spriteSourceSize": {"x":0,"y":0,"w":123,"h":133},
	"sourceSize": {"w":123,"h":133}
}
,{
	"filename": "Symbol 3 copy instance 10002",
	"frame": {"x":246,"y":0,"w":123,"h":133},
	"rotated": false,
	"trimmed": false,
	"spriteSourceSize": {"x":0,"y":0,"w":123,"h":133},
	"sourceSize": {"w":123,"h":133}
}
,{
	"filename": "Symbol 3 copy instance 10003",
	"frame": {"x":369,"y":0,"w":123,"h":133},
	"rotated": false,
	"trimmed": false,
	"spriteSourceSize": {"x":0,"y":0,"w":123,"h":133},
	"sourceSize": {"w":123,"h":133}
}
,{
	"filename": "Symbol 3 copy instance 10004",
	"frame": {"x":492,"y":0,"w":123,"h":133},
	"rotated": false,
	"trimmed": false,
	"spriteSourceSize": {"x":0,"y":0,"w":123,"h":133},
	"sourceSize": {"w":123,"h":133}
}
,{
	"filename": "Symbol 3 copy instance 10005",
	"frame": {"x":615,"y":0,"w":123,"h":133},
	"rotated": false,
	"trimmed": false,
	"spriteSourceSize": {"x":0,"y":0,"w":123,"h":133},
	"sourceSize": {"w":123,"h":133}
}
,{
	"filename": "Symbol 3 copy instance 10006",
	"frame": {"x":738,"y":0,"w":123,"h":133},
	"rotated": false,
	"trimmed": false,
	"spriteSourceSize": {"x":0,"y":0,"w":123,"h":133},
	"sourceSize": {"w":123,"h":133}
}
,{
	"filename": "Symbol 3 copy instance 10007",
	"frame": {"x":861,"y":0,"w":123,"h":133},
	"rotated": false,
	"trimmed": false,
	"spriteSourceSize": {"x":0,"y":0,"w":123,"h":133},
	"sourceSize": {"w":123,"h":133}
}
,{
	"filename": "Symbol 3 copy instance 10008",
	"frame": {"x":984,"y":0,"w":123,"h":133},
	"rotated": false,
	"trimmed": false,
	"spriteSourceSize": {"x":0,"y":0,"w":123,"h":133},
	"sourceSize": {"w":123,"h":133}
}
,{
	"filename": "Symbol 3 copy instance 10009",
	"frame": {"x":1107,"y":0,"w":123,"h":133},
	"rotated": false,
	"trimmed": false,
	"spriteSourceSize": {"x":0,"y":0,"w":123,"h":133},
	"sourceSize": {"w":123,"h":133}
}
,{
	"filename": "Symbol 3 copy instance 10010",
	"frame": {"x":1230,"y":0,"w":123,"h":133},
	"rotated": false,
	"trimmed": false,
	"spriteSourceSize": {"x":0,"y":0,"w":123,"h":133},
	"sourceSize": {"w":123,"h":133}
}
,{
	"filename": "Symbol 3 copy instance 10011",
	"frame": {"x":1353,"y":0,"w":123,"h":133},
	"rotated": false,
	"trimmed": false,
	"spriteSourceSize": {"x":0,"y":0,"w":123,"h":133},
	"sourceSize": {"w":123,"h":133}
}
,{
	"filename": "Symbol 3 copy instance 10012",
	"frame": {"x":1476,"y":0,"w":123,"h":133},
	"rotated": false,
	"trimmed": false,
	"spriteSourceSize": {"x":0,"y":0,"w":123,"h":133},
	"sourceSize": {"w":123,"h":133}
}
,{
	"filename": "Symbol 3 copy instance 10013",
	"frame": {"x":1599,"y":0,"w":123,"h":133},
	"rotated": false,
	"trimmed": false,
	"spriteSourceSize": {"x":0,"y":0,"w":123,"h":133},
	"sourceSize": {"w":123,"h":133}
}
,{
	"filename": "Symbol 3 copy instance 10014",
	"frame": {"x":1722,"y":0,"w":123,"h":133},
	"rotated": false,
	"trimmed": false,
	"spriteSourceSize": {"x":0,"y":0,"w":123,"h":133},
	"sourceSize": {"w":123,"h":133}
}
,{
	"filename": "Symbol 3 copy instance 10015",
	"frame": {"x":1845,"y":0,"w":123,"h":133},
	"rotated": false,
	"trimmed": false,
	"spriteSourceSize": {"x":0,"y":0,"w":123,"h":133},
	"sourceSize": {"w":123,"h":133}
}
,{
	"filename": "Symbol 3 copy instance 10016",
	"frame": {"x":1968,"y":0,"w":123,"h":133},
	"rotated": false,
	"trimmed": false,
	"spriteSourceSize": {"x":0,"y":0,"w":123,"h":133},
	"sourceSize": {"w":123,"h":133}
}
,{
	"filename": "Symbol 3 copy instance 10017",
	"frame": {"x":2091,"y":0,"w":123,"h":133},
	"rotated": false,
	"trimmed": false,
	"spriteSourceSize": {"x":0,"y":0,"w":123,"h":133},
	"sourceSize": {"w":123,"h":133}
}
,{
	"filename": "Symbol 3 copy instance 10018",
	"frame": {"x":2214,"y":0,"w":123,"h":133},
	"rotated": false,
	"trimmed": false,
	"spriteSourceSize": {"x":0,"y":0,"w":123,"h":133},
	"sourceSize": {"w":123,"h":133}
}
,{
	"filename": "Symbol 3 copy instance 10019",
	"frame": {"x":2337,"y":0,"w":123,"h":133},
	"rotated": false,
	"trimmed": false,
	"spriteSourceSize": {"x":0,"y":0,"w":123,"h":133},
	"sourceSize": {"w":123,"h":133}
}
,{
	"filename": "Symbol 3 copy instance 10020",
	"frame": {"x":2460,"y":0,"w":123,"h":133},
	"rotated": false,
	"trimmed": false,
	"spriteSourceSize": {"x":0,"y":0,"w":123,"h":133},
	"sourceSize": {"w":123,"h":133}
}
,{
	"filename": "Symbol 3 copy instance 10021",
	"frame": {"x":2583,"y":0,"w":123,"h":133},
	"rotated": false,
	"trimmed": false,
	"spriteSourceSize": {"x":0,"y":0,"w":123,"h":133},
	"sourceSize": {"w":123,"h":133}
}
,{
	"filename": "Symbol 3 copy instance 10022",
	"frame": {"x":2706,"y":0,"w":123,"h":133},
	"rotated": false,
	"trimmed": false,
	"spriteSourceSize": {"x":0,"y":0,"w":123,"h":133},
	"sourceSize": {"w":123,"h":133}
}
,{
	"filename": "Symbol 3 copy instance 10023",
	"frame": {"x":2829,"y":0,"w":123,"h":133},
	"rotated": false,
	"trimmed": false,
	"spriteSourceSize": {"x":0,"y":0,"w":123,"h":133},
	"sourceSize": {"w":123,"h":133}
}
,{
	"filename": "Symbol 3 copy instance 10024",
	"frame": {"x":2952,"y":0,"w":123,"h":133},
	"rotated": false,
	"trimmed": false,
	"spriteSourceSize": {"x":0,"y":0,"w":123,"h":133},
	"sourceSize": {"w":123,"h":133}
}
,{
	"filename": "Symbol 3 copy instance 10025",
	"frame": {"x":3075,"y":0,"w":123,"h":133},
	"rotated": false,
	"trimmed": false,
	"spriteSourceSize": {"x":0,"y":0,"w":123,"h":133},
	"sourceSize": {"w":123,"h":133}
}
,{
	"filename": "Symbol 3 copy instance 10026",
	"frame": {"x":3198,"y":0,"w":123,"h":133},
	"rotated": false,
	"trimmed": false,
	"spriteSourceSize": {"x":0,"y":0,"w":123,"h":133},
	"sourceSize": {"w":123,"h":133}
}],
"meta": {
	"app": "Adobe Animate",
	"version": "22.0.0.93",
	"image": "pink ball.png",
	"format": "RGBA8888",
	"size": {"w":3323,"h":139},
	"scale": "1"
}
}
