﻿{"frames": [

{
	"filename": "Symbol 14 instance 10000",
	"frame": {"x":0,"y":0,"w":56,"h":40},
	"rotated": false,
	"trimmed": false,
	"spriteSourceSize": {"x":0,"y":0,"w":56,"h":40},
	"sourceSize": {"w":56,"h":40}
}
,{
	"filename": "Symbol 14 instance 10001",
	"frame": {"x":56,"y":0,"w":56,"h":40},
	"rotated": false,
	"trimmed": false,
	"spriteSourceSize": {"x":0,"y":0,"w":56,"h":40},
	"sourceSize": {"w":56,"h":40}
}],
"meta": {
	"app": "Adobe Animate",
	"version": "22.0.0.93",
	"image": "text box_5.png",
	"format": "RGBA8888",
	"size": {"w":115,"h":40},
	"scale": "1"
}
}
