﻿{"frames": [

{
	"filename": "Symbol 14 copy instance 10000",
	"frame": {"x":0,"y":0,"w":75,"h":76},
	"rotated": false,
	"trimmed": false,
	"spriteSourceSize": {"x":0,"y":0,"w":75,"h":76},
	"sourceSize": {"w":75,"h":76}
}
,{
	"filename": "Symbol 14 copy instance 10001",
	"frame": {"x":75,"y":0,"w":75,"h":76},
	"rotated": false,
	"trimmed": false,
	"spriteSourceSize": {"x":0,"y":0,"w":75,"h":76},
	"sourceSize": {"w":75,"h":76}
}],
"meta": {
	"app": "Adobe Animate",
	"version": "22.0.0.93",
	"image": "arrow_2.png",
	"format": "RGBA8888",
	"size": {"w":150,"h":76},
	"scale": "1"
}
} 
