﻿{"frames": [

{
	"filename": "Symbol 29 instance 10000",
	"frame": {"x":0,"y":0,"w":88,"h":131},
	"rotated": false,
	"trimmed": false,
	"spriteSourceSize": {"x":0,"y":0,"w":88,"h":131},
	"sourceSize": {"w":88,"h":131}
}
,{
	"filename": "Symbol 29 instance 10001",
	"frame": {"x":88,"y":0,"w":88,"h":131},
	"rotated": false,
	"trimmed": false,
	"spriteSourceSize": {"x":0,"y":0,"w":88,"h":131},
	"sourceSize": {"w":88,"h":131}
}],
"meta": {
	"app": "Adobe Animate",
	"version": "22.0.0.93",
	"image": "water_2.2.png",
	"format": "RGBA8888",
	"size": {"w":179,"h":131},
	"scale": "1"
}
}
