﻿{"frames": [

{
	"filename": "Symbol 2 instance 10000",
	"frame": {"x":0,"y":0,"w":92,"h":88},
	"rotated": false,
	"trimmed": false,
	"spriteSourceSize": {"x":0,"y":0,"w":92,"h":88},
	"sourceSize": {"w":92,"h":88}
}
,{
	"filename": "Symbol 2 instance 10001",
	"frame": {"x":92,"y":0,"w":92,"h":88},
	"rotated": false,
	"trimmed": false,
	"spriteSourceSize": {"x":0,"y":0,"w":92,"h":88},
	"sourceSize": {"w":92,"h":88}
}
,{
	"filename": "Symbol 2 instance 10002",
	"frame": {"x":184,"y":0,"w":92,"h":88},
	"rotated": false,
	"trimmed": false,
	"spriteSourceSize": {"x":0,"y":0,"w":92,"h":88},
	"sourceSize": {"w":92,"h":88}
}],
"meta": {
	"app": "Adobe Animate",
	"version": "22.0.0.93",
	"image": "text box_8.png",
	"format": "RGBA8888",
	"size": {"w":277,"h":89},
	"scale": "1"
}
}
