﻿{"frames": [

{
	"filename": "Symbol 10 instance 10000",
	"frame": {"x":0,"y":0,"w":70,"h":69},
	"rotated": false,
	"trimmed": false,
	"spriteSourceSize": {"x":0,"y":0,"w":70,"h":69},
	"sourceSize": {"w":70,"h":69}
}
,{
	"filename": "Symbol 10 instance 10001",
	"frame": {"x":70,"y":0,"w":70,"h":69},
	"rotated": false,
	"trimmed": false,
	"spriteSourceSize": {"x":0,"y":0,"w":70,"h":69},
	"sourceSize": {"w":70,"h":69}
}],
"meta": {
	"app": "Adobe Animate",
	"version": "22.0.0.93",
	"image": "btn_1.png",
	"format": "RGBA8888",
	"size": {"w":142,"h":71},
	"scale": "1"
}
}
