﻿{"frames": [

{
	"filename": "Symbol 4 instance 10000",
	"frame": {"x":0,"y":0,"w":439,"h":440},
	"rotated": false,
	"trimmed": false,
	"spriteSourceSize": {"x":0,"y":0,"w":439,"h":440},
	"sourceSize": {"w":439,"h":440}
}
,{
	"filename": "Symbol 4 instance 10001",
	"frame": {"x":439,"y":0,"w":439,"h":440},
	"rotated": false,
	"trimmed": false,
	"spriteSourceSize": {"x":0,"y":0,"w":439,"h":440},
	"sourceSize": {"w":439,"h":440}
}
,{
	"filename": "Symbol 4 instance 10002",
	"frame": {"x":878,"y":0,"w":439,"h":440},
	"rotated": false,
	"trimmed": false,
	"spriteSourceSize": {"x":0,"y":0,"w":439,"h":440},
	"sourceSize": {"w":439,"h":440}
}],
"meta": {
	"app": "Adobe Animate",
	"version": "22.0.0.93",
	"image": "orange circle.png",
	"format": "RGBA8888",
	"size": {"w":1340,"h":440},
	"scale": "1"
}
}
