﻿{"frames": [

{
	"filename": "Symbol 10 instance 10000",
	"frame": {"x":0,"y":0,"w":415,"h":56},
	"rotated": false,
	"trimmed": false,
	"spriteSourceSize": {"x":0,"y":0,"w":415,"h":56},
	"sourceSize": {"w":415,"h":56}
}
,{
	"filename": "Symbol 10 instance 10001",
	"frame": {"x":0,"y":56,"w":415,"h":56},
	"rotated": false,
	"trimmed": false,
	"spriteSourceSize": {"x":0,"y":0,"w":415,"h":56},
	"sourceSize": {"w":415,"h":56}
}
,{
	"filename": "Symbol 10 instance 10002",
	"frame": {"x":0,"y":112,"w":415,"h":56},
	"rotated": false,
	"trimmed": false,
	"spriteSourceSize": {"x":0,"y":0,"w":415,"h":56},
	"sourceSize": {"w":415,"h":56}
}
,{
	"filename": "Symbol 10 instance 10003",
	"frame": {"x":0,"y":168,"w":415,"h":56},
	"rotated": false,
	"trimmed": false,
	"spriteSourceSize": {"x":0,"y":0,"w":415,"h":56},
	"sourceSize": {"w":415,"h":56}
}
,{
	"filename": "Symbol 10 instance 10004",
	"frame": {"x":0,"y":224,"w":415,"h":56},
	"rotated": false,
	"trimmed": false,
	"spriteSourceSize": {"x":0,"y":0,"w":415,"h":56},
	"sourceSize": {"w":415,"h":56}
}],
"meta": {
	"app": "Adobe Animate",
	"version": "22.0.0.93",
	"image": "text.png",
	"format": "RGBA8888",
	"size": {"w":420,"h":280},
	"scale": "1"
}
}
