﻿{"frames": [

{
	"filename": "Symbol 22 instance 10000",
	"frame": {"x":0,"y":0,"w":147,"h":128},
	"rotated": false,
	"trimmed": false,
	"spriteSourceSize": {"x":0,"y":0,"w":147,"h":128},
	"sourceSize": {"w":147,"h":128}
}
,{
	"filename": "Symbol 22 instance 10001",
	"frame": {"x":147,"y":0,"w":147,"h":128},
	"rotated": false,
	"trimmed": false,
	"spriteSourceSize": {"x":0,"y":0,"w":147,"h":128},
	"sourceSize": {"w":147,"h":128}
}],
"meta": {
	"app": "Adobe Animate",
	"version": "22.0.0.93",
	"image": "Shape_1.1.png",
	"format": "RGBA8888",
	"size": {"w":296,"h":129},
	"scale": "1"
}
}
