﻿{"frames": [

{
	"filename": "Symbol 4 copy instance 10000",
	"frame": {"x":0,"y":0,"w":30,"h":30},
	"rotated": false,
	"trimmed": false,
	"spriteSourceSize": {"x":0,"y":0,"w":30,"h":30},
	"sourceSize": {"w":30,"h":30}
}
,{
	"filename": "Symbol 4 copy instance 10001",
	"frame": {"x":30,"y":0,"w":30,"h":30},
	"rotated": false,
	"trimmed": false,
	"spriteSourceSize": {"x":0,"y":0,"w":30,"h":30},
	"sourceSize": {"w":30,"h":30}
}
,{
	"filename": "Symbol 4 copy instance 10002",
	"frame": {"x":60,"y":0,"w":30,"h":30},
	"rotated": false,
	"trimmed": false,
	"spriteSourceSize": {"x":0,"y":0,"w":30,"h":30},
	"sourceSize": {"w":30,"h":30}
}],
"meta": {
	"app": "Adobe Animate",
	"version": "22.0.0.93",
	"image": "green_1.3.png",
	"format": "RGBA8888",
	"size": {"w":91,"h":32},
	"scale": "1"
}
}
