﻿{"frames": [

{
	"filename": "Symbol 19 instance 10000",
	"frame": {"x":0,"y":0,"w":37,"h":36},
	"rotated": false,
	"trimmed": false,
	"spriteSourceSize": {"x":0,"y":0,"w":37,"h":36},
	"sourceSize": {"w":37,"h":36}
}
,{
	"filename": "Symbol 19 instance 10001",
	"frame": {"x":37,"y":0,"w":37,"h":36},
	"rotated": false,
	"trimmed": false,
	"spriteSourceSize": {"x":0,"y":0,"w":37,"h":36},
	"sourceSize": {"w":37,"h":36}
}],
"meta": {
	"app": "Adobe Animate",
	"version": "22.0.0.93",
	"image": "pink bigg_3.png",
	"format": "RGBA8888",
	"size": {"w":76,"h":36},
	"scale": "1"
}
}
