﻿{"frames": [

{
	"filename": "Symbol 4 instance 10000",
	"frame": {"x":0,"y":0,"w":70,"h":67},
	"rotated": false,
	"trimmed": false,
	"spriteSourceSize": {"x":0,"y":0,"w":70,"h":67},
	"sourceSize": {"w":70,"h":67}
}
,{
	"filename": "Symbol 4 instance 10001",
	"frame": {"x":70,"y":0,"w":70,"h":67},
	"rotated": false,
	"trimmed": false,
	"spriteSourceSize": {"x":0,"y":0,"w":70,"h":67},
	"sourceSize": {"w":70,"h":67}
}],
"meta": {
	"app": "Adobe Animate",
	"version": "22.0.0.93",
	"image": "box_1.png",
	"format": "RGBA8888",
	"size": {"w":140,"h":68},
	"scale": "1"
}
}
