﻿{"frames": [

{
	"filename": "Symbol 20 instance 10000",
	"frame": {"x":0,"y":0,"w":164,"h":104},
	"rotated": false,
	"trimmed": false,
	"spriteSourceSize": {"x":0,"y":0,"w":164,"h":104},
	"sourceSize": {"w":164,"h":104}
}
,{
	"filename": "Symbol 20 instance 10001",
	"frame": {"x":164,"y":0,"w":164,"h":104},
	"rotated": false,
	"trimmed": false,
	"spriteSourceSize": {"x":0,"y":0,"w":164,"h":104},
	"sourceSize": {"w":164,"h":104}
}],
"meta": {
	"app": "Adobe Animate",
	"version": "22.0.0.93",
	"image": "Shape_6.2.png",
	"format": "RGBA8888",
	"size": {"w":328,"h":104},
	"scale": "1"
}
}
