﻿{"frames": [

{
	"filename": "Symbol 2 instance 10000",
	"frame": {"x":0,"y":0,"w":172,"h":90},
	"rotated": false,
	"trimmed": false,
	"spriteSourceSize": {"x":0,"y":0,"w":172,"h":90},
	"sourceSize": {"w":172,"h":90}
}
,{
	"filename": "Symbol 2 instance 10001",
	"frame": {"x":172,"y":0,"w":172,"h":90},
	"rotated": false,
	"trimmed": false,
	"spriteSourceSize": {"x":0,"y":0,"w":172,"h":90},
	"sourceSize": {"w":172,"h":90}
}],
"meta": {
	"app": "Adobe Animate",
	"version": "22.0.0.93",
	"image": "green box.png",
	"format": "RGBA8888",
	"size": {"w":348,"h":90},
	"scale": "1"
}
}
