﻿{"frames": [

{
	"filename": "Symbol 5 instance 10000",
	"frame": {"x":0,"y":0,"w":75,"h":370},
	"rotated": false,
	"trimmed": false,
	"spriteSourceSize": {"x":0,"y":0,"w":75,"h":370},
	"sourceSize": {"w":75,"h":370}
}
,{
	"filename": "Symbol 5 instance 10001",
	"frame": {"x":75,"y":0,"w":75,"h":370},
	"rotated": false,
	"trimmed": false,
	"spriteSourceSize": {"x":0,"y":0,"w":75,"h":370},
	"sourceSize": {"w":75,"h":370}
}],
"meta": {
	"app": "Adobe Animate",
	"version": "22.0.0.93",
	"image": "track and water.png",
	"format": "RGBA8888",
	"size": {"w":150,"h":370},
	"scale": "1"
}
}
